epoch,step,train_loss,val_bcc,val_loss
0,61,,0.3591000735759735,1.0888365507125854
0,61,1.3978180885314941,,
